﻿url,course_name,course_type,course_university,img,summary
﻿https://www.edx.org/course/quality-life-livability-future-cities-ethx-fc-02x-1,Quality of Life: Livability in Future Cities,Architecture,"
Schools and Partners: ETHx
        
    ",https://prod-discovery.edx-cdn.org/media/course/image/bfb22790-ad70-404f-bed2-b6adf0a9f5b2.small.jpg,"Cities are becoming the predominant living and working environment of humanity, and for this reason, livability or quality of life in the city has become crucial.\nThis urban planning course will focus on four areas that directly affect livability in a city: Urban energy, urban climate, urban ecology and urban mobility. The course begins by presenting measurable criteria for the assessment of livability, and how to positively influence the design of cities towards greater livability. We will focus on this basic topic of the human habitat in a holistic way, and introduce possibilities of participatory urban design by citizens, leading towards the development of a citizen design science.\nYou will be able to share your experiences with the other participants in the course and also with the experts from the teaching team. In completing this course, you will better understand how to make a city more livable by going beyond the physical appearance and by focusing on different properties and impact factors of the urban system.\nLivability in Future Cities is the second course in a series of MOOCs under the title \u201cFuture Cities.\u201d This series aims to bring the latest research on planning, managing and transforming cities to places where this knowledge has the highest benefit for its citizens. \u201cFuture Cities\u201d provided an overview, and this course will focus on livability in existing and new cities."
﻿https://www.edx.org/course/future-cities-ethx-fc-01x,Future Cities,Architecture,"
Schools and Partners: ETHx
        
    ",https://prod-discovery.edx-cdn.org/media/course/image/f9b1916f-8e27-4357-a94b-7a292ca95d40.small.jpg,"Understanding a city as a whole, its people, components, functions, scales and dynamics, is crucial for the appropriate design and management of the urban system. While the development of cities in different parts of the world is moving in diverse directions, all estimations show that cities worldwide will change and grow strongly in the coming years. Especially in the tropics over the next 3 decades, it is expected that the number of new urban residents will increase by 3 times the population of Europe today. Yet already now, there is an extreme shortage of designers and urban planners able to understand the functioning of a city as a system, and to plan a sustainable and resilient city. To answer questions like: Which methods can contribute to the sustainable performance of a city, and how can we teach this to the next generations, the ETH Future Cities Laboratory in Singapore has produced over the last 3 years many necessary research results. \u201cFuture Cities\u201d aims to bring these latest results to the places where they are needed most.\nThe only way to better understand the city is by going beyond the physical appearance and by focusing on different representations, properties and impact factors of the urban system. For that reason, in this course we will explore the city as the most complex human-made \u201corganism\u201d with a metabolism that can be modeled in terms of stocks and flows. We will open a holistic view on existing and new cities, with a focus on Asia. Data-driven approaches for the development of the future city will be studied, based on crowdsourcing and sensing. At first, we will give an overview of the components and dynamics of the future cities, and we will show the importance of information and information architecture for the cities of the future. The course will cover the origins, state-of-the-art and applications of information architecture and simulation. \u201cFuture Cities\u201d will provide the basis to understand, shape, plan, design, build, manage and continually adapt a city. You will learn to see the consequences of citizen science and the merging of Architecture and information space. You will be up-to-date on the latest research and development on how to better understand, create and manage the future cities for a more resilient urban world."
﻿https://www.edx.org/course/caer-o-no-caer-el-secreto-de-las-uc3mx-mmc-1x-0,Caer o No caer. El Secreto de las Estructuras.,Architecture,"
Schools and Partners: UC3Mx
        
    ",https://prod-discovery.edx-cdn.org/media/course/image/0c692f4f-989f-45af-8362-b2378f9214a0.small.jpg,"Las estructuras est\u00e1n implicadas en nuestras vidas: las plantas, los animales, casi todo lo que fabrica el ser humano, incluso nuestro propio cuerpo, deben soportar una serie de fuerzas sin romperse, y por lo tanto pr\u00e1cticamente cualquier elemento de nuestro entorno es una estructura de una clase u otra.\nNo cabe duda de que entender c\u00f3mo se comportan las estructuras es fundamental para entender el mundo que nos rodea, para comprender la naturaleza y para juzgar mejor los progresos que ha hecho la humanidad a lo largo de la historia. Sin embargo, los ingenieros hemos fallado una y otra vez cuando hemos intentado explicar esta materia de forma que los no entendidos puedan entender su importancia.\nEste curso pretende saltar esa brecha existente entre los expertos en c\u00e1lculo de estructuras y los profanos utilizando un lenguaje asequible, empleando ejemplos hist\u00f3ricos y proponiendo ensayos sencillos que pueden hacerse en casa. El curso abordar\u00e1 no s\u00f3lo el problema de por qu\u00e9 los edificios y los puentes se caen sino tambi\u00e9n otras muchas cuestiones. \u00bfPor qu\u00e9 las ventanas de los aviones son redondas? \u00bfPor qu\u00e9 los gusanos tienen esa forma? \u00bfPor qu\u00e9 los murci\u00e9lagos pueden volar dentro de un rosal sin rasgarse las alas? \u00bfC\u00f3mo funcionan las arterias? \u00bfPor qu\u00e9 las catedrales g\u00f3ticas pueden ser tan esbeltas? \u00bfPor qu\u00e9 hay construcciones romanas que siguen en pie 2000 a\u00f1os despu\u00e9s? \u00bfQu\u00e9 podemos aprender sobre los constructores de las diferentes estructuras que nos han legado nuestros antepasados?\nMuchos contenidos de este curso pueden ser \u00fatiles para m\u00e9dicos, bi\u00f3logos, artistas, historiadores y arque\u00f3logos."
﻿https://www.edx.org/course/ecodesign-cities-suburbs-ubcx-ecodesignx-0,Ecodesign for Cities and Suburbs,Architecture,"
Schools and Partners: UBCx
        
    ",https://prod-discovery.edx-cdn.org/media/course/image/5e7a5d6f-ecf6-4fca-acd3-a0e22dd1f396.small.jpg,"Too often modern cities and suburbs are disorganized places where most new development makes daily life less pleasant, creates more traffic congestion, and contributes to climate change. This trend has to change; and our course is going to show you how.\nEcodesign means integrating planning, urban design and the conservation of natural systems to produce a sustainable built and natural environment. Ecodesign can be implemented through normal business practices and the kinds of capital programs and regulations already in use in most communities. We will show you how ecodesign has already been used for exceptional projects in many cities and suburbs\u2014from Hammarby Sj\u00f6stad in Stockholm to False Creek North in Vancouver to Battery Park City in Manhattan, as well as many smaller-scale examples that can be adopted in any community. Cities and suburbs built according to ecodesign principles can and should become normal, instead of just a few special examples, transforming urban development into desirable, lower-carbon, compact and walkable communities and business centers.\nAs this course describes specific solutions to the vexing urban challenges we all face, course participants can see how these ideas might be applied in their own area. Participants will learn the conceptual framework of ecodesign, see many real, successful examples, and come to understand the tools, processes, and techniques for policy development and implementation.\nEcodesign thinking is relevant to anyone who has a part in shaping or influencing the future of cities and suburbs \u2013 citizens, students, designers, public officials, and politicians. At the conclusion of the course participants will have the tools and strategies necessary to advocate policies and projects for a neighbourhood or urban district using the ecodesign framework."
﻿https://www.edx.org/course/smart-cities-ethx-ethx-fc-03x-1,Smart Cities,Architecture,"
Schools and Partners: ETHx
        
    ",https://prod-discovery.edx-cdn.org/media/course/image/5e67f8c2-7489-49e6-9e32-a296c0aaff91.small.jpg,"Cities are first and foremost built for people, and in today\u2019s world, people produce large amounts of valuable data, thus contributing to what we call \u201csmart cities.\u0022 As almost every building and every city is a prototype, these communities are in the early stage of development and require specific attention and expertise as we advance.\nSmart cities, such as Zurich and Boston, consist of human-made structures or environments that are, in some capacity, monitored, metered, networked and controlled. With this functionality, combined with stationary sensors and mobile devices, data and information have become the new building materials of future cities. Using this data, citizens are now beginning to influence the design of future cities and the re-design of existing ones.\nIn this architecture course, you will learn the basics of information cities and urban science research, as well as how dynamic behavior and citizen-driven learning differentiate the responsive city from the smart city. The cities we present and develop in this course use the stocks and flows of information as the main drivers of change.\nTo deepen your knowledge of smart cities and give a perspective on the future of these cities, we also introduce the concept of citizen design science, a combination of citizen science, urban design, and cognitive design computing. Participants will furthermore have unique access to a design research platform for citizen design science. The intelligent use of data and information is at the core of this course, and these concepts will be the next generation of participatory design and design computing environments.\nThis course is part of the \u201cFuture Cities\u201d XSeries, and builds on the experiences from our first two urban MOOCs: Future Cities and Livability in Future Cities."
﻿https://www.edx.org/course/architectural-imagination-harvardx-gsd1x,The Architectural Imagination,Architecture,"
Schools and Partners: HarvardX
        
    ",https://prod-discovery.edx-cdn.org/media/course/image/8c411679-4105-4de9-8a4c-9c5b3f4a33a6.small.jpg,"Architecture engages a culture\u2019s deepest social values and expresses them in material, aesthetic form. In this course, you will learn how to \u201cread\u201d architecture as a cultural expression as well as a technical achievement. Vivid analyses of exemplary buildings from a wide range of historical contexts, coupled with hands-on exercises in drawing and modeling, bring you close to the work of an actual architect or historian.\nArchitecture is one of the most complexly negotiated and globally recognized cultural practices, both as an academic subject and a professional career. Its production involves all of the technical, aesthetic, political, and economic issues at play within a given society. Over the course of ten modules, we\u2019ll examine some of history\u2019s most important examples that show how architecture engages, mediates, and expresses a culture\u2019s complex aspirations.\nThe first part of the course introduces the idea of the architectural imagination as a faculty that mediates sensuous experience and conceptual understanding. Two examples of the architectural imagination\u2014perspective drawing and architectural typology\u2014are explored through video presentations and hands-on exercises. You will be introduced to some of the challenges involved in writing architectural history, revealing that architecture does not always have a straightforward relationship to its own history.\nIn the second set of modules, we address technology as a component of architecture\u2019s realization and understanding. Architecture is embedded in contexts where technologies and materials of construction\u2014glass and steel, reinforced concrete\u2014are crucial agents of change. But a society\u2019s technology does not determine its architectural forms. You will discover ways that innovative technology can enable and promote new aesthetic experiences, or disrupt age-old traditions. You will witness architecture\u2019s ways of converting brute technical means into meaningful perceptions and textures of daily life. The interactions of architecture and modern technologies changed not only what could be built, but also what kinds of constructions could even be thought of as architecture.\nThe final set of modules confronts architecture\u2019s complex relationship to its social and historical contexts and its audiences, achievements, and aspirations. As a professional practice deeply embedded in society, architecture has social obligations and the aesthetic power to negotiate social change; to carry collective memories; even to express society\u2019s utopian ideals. You will learn about what we call architecture\u2019s power of representation, and see how architecture has a particular capacity to produce collective meaning and memories.\nHonor Code\nHarvardX requires individuals who enroll in its courses on edX to abide by the terms of the edX honor code. HarvardX will take appropriate corrective action in response to violations of the edX honor code, which may include dismissal from the HarvardX course; revocation of any certificates received for the HarvardX course; or other remedies as circumstances warrant. No refunds will be issued in the case of corrective action for such violations. Enrollees who are taking HarvardX courses as part of another program will also be governed by the academic policies of those programs.\nNondiscrimination\/Anti-Harassment\nHarvard University and HarvardX are committed to maintaining a safe and healthy educational and work environment in which no member of the community is excluded from participation in, denied the benefits of, or subjected to discrimination or harassment in our program. All members of the HarvardX community are expected to abide by Harvard policies on nondiscrimination, including sexual harassment, and the edX Terms of Service. If you have any questions or concerns, please contact harvardx@harvard.edu and\/or report your experience through the edX contact form.\nResearch Statement\nHarvardX pursues the science of learning. By registering as an online learner in an HX course, you will also participate in research about learning. Read our research statement to learn more."
﻿https://www.edx.org/course/models-architecture-design-through-delftx-spatial101x-0,Models in Architecture – design through physical & digital models,Architecture,"
Schools and Partners: DelftX
        
    ",https://prod-discovery.edx-cdn.org/media/course/image/ba8f951f-781c-4192-a4f3-2ad4a07f602b.small.jpg,"Physical and digital design skills are key to practitioners in art, design, and engineering, as well as many other creative professions. Models are essential in architecture. In design practice all kinds of physical scale models and digital models are used side by side.\nIn this architecture course, you will gain experience that will help and inspire you to advance in your personal and professional development. You will attain skills in a practical way. First, we will focus on sketch models for the early stages of a design process, then we will continue with virtual representations for design communication and finally more precise and detailed models will be used for further development of the ideas.\nIn the theoretical part of the course, you will learn about many different sorts of models: how architects use these and how they are essential in the design process.\nThe practical part of the course addresses a number of challenges. In small steps we will guide you through technical and creative difficulties in exciting, playful, and pleasant ways. \nLICENSE\nThe course materials of this course are Copyright Delft University of Technology and are licensed under a Creative Commons Attribution-NonCommercial-ShareAlike (CC-BY-NC-SA) 4.0 International License."
﻿https://www.edx.org/course/modern-japanese-architecture-meiji-tokyotechx-arch101x-0,Modern Japanese Architecture: From Meiji Restoration to Today,Architecture,"
Schools and Partners: TokyoTechX
        
    ",https://prod-discovery.edx-cdn.org/media/course/image/7d741bf0-41c3-4835-831f-56ea1dc7081d.small.jpg,"Examine how architecture reflects Japan\u2019s history, starting with its emergence as a new nation in the 19th century and the building of the Western-style capital city of Tokyo on the foundations of Edo. New building materials and construction methods reflected changing times, and the radical contrast between tradition and modernism in the nation was clearly visible in Japan\u2019s architecture and politics.\nWhile experiencing intense Westernization pressures, Japan developed rapidly to rival the world\u2019s great powers, we will look at how Japanese architects developed their own version of Modernism. Initially, Japanese wanted to pursue the discoveries of the Franco-Swiss Le Corbusier and of Walter Gropius at the German Bauhaus. But soon, Japan also began to produce its own 20th-century architects and develop its own style. Following World War II, Kenzo Tange became the first Japanese architect in history to achieve international fame.\nIn the last section of the course, we will present an interview-based case study titled \u201cExploring Tokyo Tech\u2019s Twenty-First Century O-okayama Campus.\u201d Tokyo Institute of Technology (aka Tokyo Tech) possesses its own unique and unbroken succession of practicing architects\/professors, who design campus buildings. We will learn about Professor Kazuo Shinohara, one of the most prominent Japanese designers of the second half of the 20th century, and several of his renowned disciples from Tokyo Tech.\nThis course aims to illustrate the present state of Japanese Modernist and postmodern building, as well as the distance covered over the past 150 years, including the 130-year history of Tokyo Tech itself. Join us on this journey through time as we examine and admire Japan\u2019s architecture to better understand Japanese history and politics."
﻿https://www.edx.org/course/mechanics-deformable-structures-part-1-mitx-2-02-1x,Mechanics of Deformable Structures: Part 1,Architecture,"
Schools and Partners: MITx
        
    ",https://prod-discovery.edx-cdn.org/media/course/image/5bd8728d-08d6-471f-be8e-cb50179d43ad.small.jpg,"Many natural and man-made structures can be modeled as assemblages of interconnected structural elements loaded along their axis (bars), in torsion (shafts) and in bending (beams). In this course you will learn to use equations for static equilibrium, geometric compatibility and constitutive material response to analyze these structural assemblages.  \nThis course also provides an introduction to behavior in which the shape of the structure is permanently changed by loading the material beyond its elastic limit (plasticity), and behavior in which the structural response changes over time (viscoelasticity).  \nThis is the second course in a 3-part series. In this series you will learn how mechanical engineers can use analytical methods and \u201cback of the envelope\u201d calculations to predict structural behavior. The three courses in the series are:  \nPart 1 \u2013 2.01x: Elements of Structures. (Elastic response of Structural Elements: Bars, Shafts, Beams). Next session starts October 2017  \nPart 2 \u2013 2.02.1x Mechanics of Deformable Structures: Part 1. (Assemblages of Elastic, Elastic-Plastic, and Viscoelastic Structural Elements).  \nPart 3 \u2013 2.02.2x Mechanics of Deformable Structures: Part 2. (Multi-axial Loading and Deformation. Energy Methods). Next session starts October 2018  \nThese courses are based on the first subject in solid mechanics for MIT Mechanical Engineering students. Join them and learn to rely on the notions of equilibrium, geometric compatibility, and constitutive material response to ensure that your structures will perform their specified mechanical function without failing."
﻿https://www.edx.org/course/just-reading-writing-english-sheng-huo-tsinghuax-90640012x-0,Just Reading and Writing in English | 生活英语读写,Art & Culture,"
Schools and Partners: TsinghuaX
        
    ",https://prod-discovery.edx-cdn.org/media/course/image/29f88cf2-f99b-4132-9aad-83f9a821a372.small.jpg,"Reading enriches our life and writing enables us to express our thoughts. Being skillful in reading and writing allows you to better acquire and communicate information.\nThis course focuses on 8 themes:\n\nlearning \nuniversity \nculture \ncity \neducation \nbehavior theory \ncommunication \nmeaning of life \n\nFor each theme, there are two texts, key words analysis, reading skills, guest interviews, composition tutorials, writing workshops, and literature tutors.\nJoin us and understand the beauty of language.\n\u4f5c\u4e3a\u4e00\u95e8\u8bed\u8a00\u975e\u5e38\u91cd\u8981\u7684\u4e24\u4e2a\u65b9\u9762\uff0c\u9605\u8bfb\u53ef\u4ee5\u8ba9\u6211\u4eec\u83b7\u53d6\u4e30\u5bcc\u7684\u77e5\u8bc6\uff0c\u5199\u4f5c\u53ef\u4ee5\u8ba9\u6211\u4eec\u8868\u8fbe\u5185\u5fc3\u7684\u601d\u60f3\u3002\u638c\u63e1\u6b63\u786e\u7684\u9605\u8bfb\u6280\u5de7\u548c\u5199\u4f5c\u6280\u5de7\uff0c\u80fd\u591f\u8ba9\u6211\u4eec\u66f4\u597d\u5730\u83b7\u53d6\u4fe1\u606f\u548c\u8868\u8fbe\u4fe1\u606f\u3002\u672c\u8bfe\u7a0b\u7531\u4e2d\u5916\u6559\u5e08\u53ca\u6e05\u534e\u5b66\u751f\u5e26\u9886\u5927\u5bb6\u5728\u771f\u5b9e\u7684\u751f\u6d3b\u573a\u666f\u4e2d\u7545\u6e38\u82f1\u8bed\u4e16\u754c\u3002  \n\u672c\u8bfe\u7a0b\u4ece\u5b66\u4e60\u3001\u5927\u5b66\u3001\u6587\u5316\u3001\u57ce\u5e02\u3001\u6559\u80b2\u3001\u884c\u4e3a\u8bba\u3001\u4eba\u9645\u4ea4\u6d41\u548c\u4eba\u751f\u7684\u610f\u4e49\u7b49\u516b\u4e2a\u4e3b\u9898\u5c55\u5f00\uff0c\u6bcf\u4e2a\u4e3b\u9898\u7531\u4e3b\u9898\u8bfe\u6587\uff08\u4e24\u7bc7\uff09\u3001\u91cd\u70b9\u8bcd\u53e5\u8bb2\u89e3\u3001\u9605\u8bfb\u6280\u5de7\u8bb2\u89e3\u3001\u5609\u5bbe\u8bbf\u8c08\u3001\u4f5c\u6587\u6279\u6539\u548c\u5199\u4f5c\u6280\u5de7\u8bb2\u89e3\u3001\u82f1\u8bed\u5b66\u4e60\u65b9\u6cd5\u4ecb\u7ecd\u3001\u6587\u5b66\u8d4f\u6790\u7b49\u6a21\u5757\u6784\u6210\u3002\u4e3b\u9898\u8bfe\u6587\u6a21\u5757\u56f4\u7ed5\u7cbe\u5fc3\u6311\u9009\u7684\u4e3b\u9898\u5c55\u5f00\uff0c\u5e26\u4f60\u4f53\u9a8c\u4e30\u5bcc\u591a\u5f69\u7684\u6587\u5316\uff0c\u62d3\u5bbd\u89c6\u91ce\uff0c\u540c\u65f6\u914d\u6709\u76f8\u5e94\u7684\u91cd\u70b9\u8bcd\u53e5\u8bb2\u89e3\uff0c\u8ba9\u4f60\u7684\u82f1\u8bed\u77e5\u8bc6\u5e93\u66f4\u5e9e\u5927\uff1b\u9605\u8bfb\u6280\u5de7\u6a21\u5757\u4ee5\u5e08\u751f\u4e92\u52a8\u7684\u5f62\u5f0f\u5c55\u5f00\uff0c\u7531\u8001\u5e08\u548c\u82f1\u8bed\u4e13\u4e1a\u7814\u7a76\u751f\u5e26\u5927\u5bb6\u4ece\u5b66\u4e60\u8005\u7684\u89d2\u5ea6\u4e00\u8d77\u63a2\u8ba8\u82f1\u8bed\u9605\u8bfb\u7684\u79d8\u8bc0\u6240\u5728\uff1b\u5609\u5bbe\u8bbf\u8c08\u6a21\u5757\u9080\u8bf7\u4e86\u4e09\u4f4d\u5609\u5bbe\u8001\u5e08\uff0c\u5206\u522b\u5728\u5b66\u4e60\u3001\u6587\u5316\u7b49\u65b9\u9762\u8fdb\u884c\u4e86\u4ecb\u7ecd\u548c\u5206\u4eab\uff1b\u5199\u4f5c\u90e8\u5206\u5305\u62ec\u4f5c\u6587\u6279\u6539\u548c\u5199\u4f5c\u6280\u5de7\u8bb2\u89e3\uff0c\u9009\u53d6\u4e0e\u4e3b\u9898\u76f8\u5173\u7684\u56db\u516d\u7ea7\u4f5c\u6587\u8003\u9898\uff0c\u5e76\u5404\u914d\u4ee5\u4e24\u7bc7\u5b66\u751f\u771f\u5b9e\u5199\u4f5c\u6848\u4f8b\uff0c\u901a\u8fc7\u6279\u6539\u4f5c\u6587\u7684\u5f62\u5f0f\u8bb2\u89e3\u5199\u4f5c\u6280\u5de7\uff1b\u82f1\u8bed\u5b66\u4e60\u65b9\u6cd5\u6a21\u5757\u4ee5\u8bbf\u8c08\u5f62\u5f0f\u5c55\u5f00\uff0c\u7531\u7559\u5b66\u751f\u52a9\u6559\u4e3a\u5927\u5bb6\u5206\u4eab\u82f1\u8bed\u5b66\u4e60\u7ecf\u9a8c\uff1b\u6587\u5b66\u8d4f\u6790\u6a21\u5757\u7cbe\u9009\u4e86\u516b\u7bc7\u6587\u5b66\u540d\u8457\uff0c\u8ba9\u5b66\u4e60\u8005\u5728\u5e08\u751f\u4e92\u52a8\u4e2d\u9068\u6e38\u6587\u5b66\u7684\u6d77\u6d0b\u3002  \n\u548c\u6211\u4eec\u4e00\u8d77\u611f\u53d7\u8bed\u8a00\u7684\u9b45\u529b\uff0c\u8ba9\u6211\u4eec\u4e00\u8d77\u5b9e\u73b0\u4e00\u6b21\u82f1\u8bed\u8bfb\u5199\u7684\u98de\u8dc3\uff01"
﻿https://www.edx.org/course/visualizing-japan-1850s-1930s-harvardx-mitx-vjx-3,"Visualizing Japan (1850s-1930s): Westernization, Protest, Modernity",Art & Culture,"
Schools and Partners: MITx
        
    ",https://prod-discovery.edx-cdn.org/media/course/image/b7a56172-773e-401a-982f-53141f0a55da.small.jpg,"This MIT and Harvard co-taught course examines Japanese history and uncovers the skills and questions involved in reading history through digital imagery. The introductory module considers methodologies historians use to \u201cvisualize\u201d the past, followed by three modules that explore the themes of Westernization, in Commodore Perry\u2019s 1853-54 expedition to Japan; social protest, in Tokyo\u2019s 1905 Hibiya Riot; and modernity, as seen in the archives of the major Japanese cosmetics company, Shiseido.\nThe course will cover the following topics in four modules:\n\nModule 0: Introduction: New Historical Sources for a Digital Age (Professors Dower, Gordon, Miyagawa). Digitization has dramatically altered historians\u0027 access to primary sources, making large databases of the visual record readily accessible. How is historical methodology changing in response to this seismic shift? How can scholars, students, and the general public make optimal use of these new digital resources?\nModule 1: Black Ships \u0026 Samurai (Professor Dower). Commodore Matthew Perry\u0027s 1853-54 expedition to force Japan to open its doors to the outside world is an extraordinary moment to look at by examining and comparing the visual representations left to us by both the American and Japanese sides of this encounter. This module also addresses the rapid Westernization undertaken by Japan in the half century following the Perry mission.\nModule 2: Social Protest in Imperial Japan: The Hibiya Riot of 1905 (Professor Gordon). The dramatic daily reports from participants in the massive \u0022Hibiya Riot\u0022 in 1905, the first major social protest in the age of \u0022imperial democracy\u0022 in Japan, offer a vivid and fresh perspective on the contentious domestic politics of an emerging imperial power.\nModule 3: Modernity in Interwar Japan: Shiseido \u0026 Consumer Culture (Professors Dower, Gordon, Weisenfeld). Exploring the vast archives of the Shiseido cosmetics company opens a fascinating window on the emergence of consumer culture, modern roles for women, and global cosmopolitanism from the \u0027teens through the 1920s and even into the era of Japanese militarism and aggression in the 1930s. This module will also tap other Visualizing Cultures units on modernization and modernity.\n\nThe course is based on the MIT \u0022Visualizing Cultures\u0022 website devoted to image-driven research on Japan and China since the 19th century (visualizingcultures.mit.edu).\nNOTES:\nUTokyo001x: Visualizing Postwar Tokyo, by University of Tokyo, follows in this series.\nFor MIT students: VJx will be part 21F.027J Visualizing Japan in the Modern World, a residential course taught by Professor Miyagawa, Fall 2015.\nIn addition to MITx and HarvardX, this project is supported by the U.S. Japan Foundation, the University of Tokyo, and the Reischauer Institute of Japanese Studies, Harvard University.\n\nHarvardX requires individuals who enroll in its courses on edX to abide by the terms of the edX honor code. HarvardX will take appropriate corrective action in response to violations of the edX honor code, which may include dismissal from the HarvardX course; revocation of any certificates received for the HarvardX course; or other remedies as circumstances warrant. No refunds will be issued in the case of corrective action for such violations. Enrollees who are taking HarvardX courses as part of another program will also be governed by the academic policies of those programs.\nHarvardX pursues the science of learning. By registering as an online learner in an HX course, you will also participate in research about learning. Read our research statement to learn more.\nHarvard University and HarvardX are committed to maintaining a safe and healthy educational and work environment in which no member of the community is excluded from participation in, denied the benefits of, or subjected to discrimination or harassment in our program. All members of the HarvardX community are expected to abide by Harvard policies on nondiscrimination, including sexual harassment, and the edX Terms of Service. If you have any questions or concerns, please contact harvardx@harvard.edu and\/or report your experience through the edX contact form."
﻿https://www.edx.org/course/infrastructure-management-public-michiganx-publib605,Infrastructure Management for Public Libraries,Art & Culture,"
Schools and Partners: MichiganX
        
    ",https://prod-discovery.edx-cdn.org/media/course/image/e42bd7d7-6b01-4328-854b-e1784cec403f.small.jpg,"In this course, part of the Public Library Management Professional Certificate program, we\u2019ll explore the ongoing infrastructure support that library leaders must facilitate, including:\n\nmaintenance\ninsurance\ncontract services\npatron privacy\ntechnology\nbudgets\npolicies\n\nYou\u2019ll learn how these decisions are made to ensure long-term sustainability."
﻿https://www.edx.org/course/europeana-space-creative-digital-kuleuvenx-eurospacex-0,Europeana Space: Creative with Digital Heritage,Art & Culture,"
Schools and Partners: KULeuvenX
        
    ",https://prod-discovery.edx-cdn.org/media/course/image/b6e2d922-0f32-4a91-a1a2-3ac15d438a27.small.jpg,"How can you engage with and reuse the wealth of digital cultural heritage available online in many repositories such as Europeana? How can you become an active user of this content, using, remixing and reinventing it for your research, lessons, and development?\nWhether you are a student or teacher with an interest in cultural heritage, a GLAM professional, a developer or simply a cultural heritage enthusiast without prior technical knowledge, this MOOC is for you.\nAs the online availability of digital cultural heritage continues to grow, it becomes more and more important that users, from passive readers, learn to become active re-users. The mission of this course is to share the creative ways with which people use and re-use Europeana and digital cultural content, to demonstrate what Europeana can bring to the learning community, and to bring about the essential concept that cultural content is not just to contemplate, but to live and engage with.\nThe educational idea behind the E-Space MOOC is to lower barriers to the access and reuse of cultural heritage content on Europeana and similar sources, providing tutorials and trial versions of applications and tools alongside reading materials, useful tips and best practices gathered throughout the course of the project.\nIn every module (Photography, TV, Museums, Dance, Open and Hybrid Publishing, IPR\u2026) the information provided is targeted \u2013 more or less explicitly \u2013 to different groups of learners:\n\nCultural heritage amateurs, students, and teachers. The information provided here concerns digital cultural heritage in a broad sense; different kinds of content are presented here and it is explained how to easily reuse them. No technical skills or understanding of the underlying mechanisms of the cultural sector are needed for this part.\nGLAM professionals (Galleries, Libraries, *Archives* and Museums). The information provided here presuppose a professional knowledge of the sector. The aim is to help GLAM professional discovering and understanding useful tools - such as those on the E-Space platform and Europeana Labs - that can be used to enhance, remix, rethink, play with collections in new and fascinating ways.\nDevelopers. This is the most technical part of each module and it is intended as a way for developers to discover the tools they can work with.\n\nDigital cultural heritage is online and ready to be creatively reused by you. What are you waiting for? Click on enroll now and start learning!\nThis MOOC is based on the Europeana Space project, which has received funding from the European Union\u0027s ICT Policy Support Programme as part of the Competitiveness and Innovation Framework Programme, under GA n\u00b0 621037 and aims to further the creative reuse of Europeana Content."
﻿https://www.edx.org/course/basic-spanish-2-one-step-further-upvalenciax-bsp102x-0,Basic Spanish 2: One Step Further,Art & Culture,"
Schools and Partners: UPValenciaX
        
    ",https://prod-discovery.edx-cdn.org/media/course/image/a3f40d71-9a62-489a-8221-d43d6506a232.small.jpg,"\u00a1Bienvenidos y bienvenidas! (Welcome!) In this Spanish course, you will learn basic vocabulary to talk about yourself and your everyday life, in the present and in the past, in simple and brief communication situations, as well as about plans for an immediate future. At the end of the course you will be able to communicate in everyday situations according to the A1 proficiency level as described in the Common European Framework of Reference for Languages (CEFRL, Council of Europe).\nThe course, which is designed for English speakers, offers a variety of exercises after going through the stages of content presentation, comprehension and production. You have videos, small texts and audios to improve your pronunciation, glossaries, activities for oral practice with other course students, quizzes, grammar cards and recommendations on external Internet resources to continue learning more and more Spanish.\nThe topics on which the activities revolve are work life, family life, city life and outdoor life. As you can see, a bit of everything to be able talk about yourself and to engage in everyday communication.\nWe hope you like our menu. \u00a1Buen provecho! (Bon app\u00e9tit!)"
﻿https://www.edx.org/course/ancient-masterpieces-world-literature-harvardx-hum12-1x,Ancient Masterpieces of World Literature,Art & Culture,"
Schools and Partners: HarvardX
        
    ",https://prod-discovery.edx-cdn.org/media/course/image/e480038e-8bf2-4e42-9f05-905b1573e27a.small.jpg,"This short literature course, based on the first half of the Masterpieces of World Literature edX MOOC, examines how civilizations and cultures of the ancient world defined themselves through literature and how that literature has continued to contribute to our understanding of those civilizations and cultures today.  \nCities, nations, and empires from antiquity through the middle ages drew on foundational histories and myths for their identities, relating these narratives through generations by means of oral-storytelling and new writing technologies. These epics, story collections, and novels, which take a keen interest in heroic travelers, would eventually travel themselves, finding new global audiences as the first works of world literature.  \nTracing developments in language, writing, and literary genre, this course also travels in time, from legendary accounts of ancient kings to histories of medieval courts and early-modern exploration. We will stop to consider how all of these texts affected the history of their own eras, but also how they have continued to find new prominence and significance in ours.  \nTexts\/authors considered in the course: \n\nGoethe\nThe Epic of Gilgamesh\nHomer, The Odyssey\nThe 1001 Nights\nThe Lus\u00edads\nThe Tale of Genji\n"
﻿https://www.edx.org/course/modern-masterpieces-world-literature-harvardx-hum12-2x,Modern Masterpieces of World Literature,Art & Culture,"
Schools and Partners: HarvardX
        
    ",https://prod-discovery.edx-cdn.org/media/course/image/18833403-d3a4-4b16-9c28-271748847951.small.jpg,"Based on the second half of the Masterpieces of World Literature edX MOOC, this short literature course examines how writers reach beyond national and linguistic boundaries as worldly readers and travelers, and how their modern fictions rise to the status of world literature.  \nThese masterpieces of modern world literature take part in a tradition of weaving small stories into ambitious projects\u2014one that reaches back to medieval tales and extends forward to contemporary novels. Throughout the course, you will learn how these writers use their fictions to engage directly with the political and social concerns of their present and of a globalized modernity, relating experiences of exploration, migration, international conflict, and cultural exchange.  \nTexts\/authors considered in the course:\n\nGoethe\nThe 1001 Nights\nVoltaire, Candide\nLu Xun and Eileen Chang\nJorge Luis Borges, Ficciones\nSalman Rushdie and Jhumpa Lahiri\nOrhan Pamuk, My Name is Red\n"
﻿https://www.edx.org/course/stravinskys-rite-spring-modernism-ballet-harvardx-mus24-5x,"Stravinsky’s Rite of Spring: Modernism, Ballet, and Riots",Art & Culture,"
Schools and Partners: HarvardX
        
    ",https://prod-discovery.edx-cdn.org/media/course/image/fcd27aa6-9bec-4a83-8639-f5f57f58c70b.small.jpg,"Igor Stravinsky\u2019s The Rite of Spring premiered in Paris in 1913, sparking a riot and screaming so loud that the dancers could not hear the orchestra, and the choreographer had to shout numbers from backstage to keep the dancers on beat.\nThe Rite of Spring continues to challenge listeners. According to Stravinsky, The Rite of Spring was intended to portray \u201cthe surge of spring, the magnificent upsurge of nature reborn.\u201d As you will see, Stravinsky\u2019s description is almost frighteningly apt!\nHarvard\u2019s Thomas Forrest Kelly (Morton B. Knafel Professor of Music) guides learners through The Rite of Spring, highlighting not only the contributions of Stravinsky, the composer, but also those of his collaborators. Professor Kelly takes learners through the ballet\u2019s development, rehearsals, and finally, premiere performance, and he explores just how and why The Rite of Spring challenged (and to a certain extent, continues to challenge) its listeners.\nYou will learn about the ballet\u2019s innovative choreography, the basics of 20th-century orchestral form and technique, and the circumstances of this ballet\u2019s first performance and subsequent history. Learners in this course need not have any prior musical experience."
﻿https://www.edx.org/course/first-nights-berliozs-symphonie-harvardx-mus24-4x-0,First Nights: Berlioz’s Symphonie Fantastique and Program Music in the 19th Century,Art & Culture,"
Schools and Partners: HarvardX
        
    ",https://prod-discovery.edx-cdn.org/media/course/image/844c9b53-fa02-44ec-89b5-83e5c90cfb95.small.jpg,"Six years after the premiere of Beethoven\u2019s monumental Ninth Symphony, composer Hector Berlioz sought to make use of the symphonic genre, but on his own terms. Indeed, he wrote not only a five-movement symphony, but also a narrative program to accompany and explain the symphony.\nThis music course introduces students to the music and programmatic elements of Berlioz\u2019s Symphonie Fantastique, illuminating a new direction for nineteenth-century music. The course\u2019s grand finale is a live performance of the entire symphony by the Harvard Radcliffe Orchestra.\nHarvard\u2019s Thomas Forrest Kelly (Morton B. Knafel Professor of Music) guides learners through Berlioz\u2019s Symphony Fantastique,, highlighting Berlioz\u2019s compostional process, his innovative orchestration, and the reception of his controversial piece of narrative instrumental music.\nYou will learn the basics of Romantic musical style, Berlioz\u2019s creative expansion of the standard orchestra, and the debates surrounding the idea of purely musical narrative in the 19th century."
