﻿type_url,type_title,type_img
﻿https://www.edx.org/course/subject/architecture,Architecture,/sites/default/files/subject/image/card/architecture.jpg
﻿https://www.edx.org/course/subject/art-culture,Art & Culture,/sites/default/files/subject/image/card/art.jpg
﻿https://www.edx.org/course/subject/biology-life-sciences,Biology & Life Sciences,/sites/default/files/subject/image/card/biology.jpg
﻿https://www.edx.org/course/subject/business-management,Business & Management,/sites/default/files/subject/image/card/business.jpg
﻿https://www.edx.org/course/subject/chemistry,Chemistry,/sites/default/files/subject/image/card/chemistry.jpg
﻿https://www.edx.org/course/subject/communication,Communication,/sites/default/files/subject/image/card/communication.jpg
﻿https://www.edx.org/course/subject/computer-science,Computer Science,/sites/default/files/subject/image/card/computer-science.jpg
﻿https://www.edx.org/course/subject/data-analysis-statistics,Data Analysis & Statistics,/sites/default/files/subject/image/card/data-science.jpg
﻿https://www.edx.org/course/subject/design,Design,/sites/default/files/subject/image/card/design.jpg
﻿https://www.edx.org/course/subject/economics-finance,Economics & Finance,/sites/default/files/subject/image/card/economics-finance.jpg
﻿https://www.edx.org/course/subject/education-teacher-training,Education & Teacher Training,/sites/default/files/subject/image/card/education.jpg
﻿https://www.edx.org/course/subject/electronics,Electronics,/sites/default/files/subject/image/card/electronics.jpg
﻿https://www.edx.org/course/subject/energy-earth-sciences,Energy & Earth Sciences,/sites/default/files/subject/image/card/engery.jpg
﻿https://www.edx.org/course/subject/engineering,Engineering,/sites/default/files/subject/image/card/engineering.jpg
﻿https://www.edx.org/course/subject/environmental-studies,Environmental Studies,/sites/default/files/subject/image/card/environmental-studies.jpg
﻿https://www.edx.org/course/subject/ethics,Ethics,/sites/default/files/subject/image/card/ethics.jpg
﻿https://www.edx.org/course/subject/food-nutrition,Food & Nutrition,/sites/default/files/subject/image/card/food-nutrition.jpg
﻿https://www.edx.org/course/subject/health-safety,Health & Safety,/sites/default/files/subject/image/card/health.jpg
﻿https://www.edx.org/course/subject/history,History,/sites/default/files/subject/image/card/history.jpg
﻿https://www.edx.org/course/subject/humanities,Humanities,/sites/default/files/subject/image/card/humanities.jpg
﻿https://www.edx.org/course/subject/language,Language,/sites/default/files/subject/image/card/language.jpg
﻿https://www.edx.org/course/subject/law,Law,/sites/default/files/subject/image/card/law.jpg
﻿https://www.edx.org/course/subject/literature,Literature,/sites/default/files/subject/image/card/literature.jpg
﻿https://www.edx.org/course/subject/math,Math,/sites/default/files/subject/image/card/math.jpg
﻿https://www.edx.org/course/subject/medicine,Medicine,/sites/default/files/subject/image/card/medicine.jpg
﻿https://www.edx.org/course/subject/music,Music,/sites/default/files/subject/image/card/music.jpg
﻿https://www.edx.org/course/subject/philosophy-ethics,Philosophy & Ethics,/sites/default/files/subject/image/card/philosophy-ethics.jpg
﻿https://www.edx.org/course/subject/physics,Physics,/sites/default/files/subject/image/card/physics.jpg
﻿https://www.edx.org/course/subject/science,Science,/sites/default/files/subject/image/card/science.jpg
﻿https://www.edx.org/course/subject/social-sciences,Social Sciences,/sites/default/files/subject/image/card/social-sciences.jpg
